Item,ProposedCount
----,-------------
001319,0
00162,0
00268,0
0124396,0
0137166,0
0197764,0
02001006,0
02001089,0
02001097,0
02010437,0
02020022,0
0202025,0
02020287,0
02020329,0
02020485,0
02020592,0
02020659,0
02020808,0
02020816,0
02051282,0
0253195,0
0278804,0
0304725,0
038753314235,0
0388298,0
046135105623,0
05543,0
05573,0
0589572,0
0624171,0
0659540,0
06985,0
0720722,0
0760462,0
076174058260,0
076410901855,0
076410903873,0
078575171012,0
078575901565,0
079423021503,0
08000887,0
08240756,0
0846386,0
08620569,0
09022906,0
10002855,0
10003051,0
10003176,0
10004463,0
10005320,0
10005403,0
10005478,0
10005981,0
10006534,0
1000883,0
10009504,0
1000960,0
1000964,0
10130490,0
1014760,0
1015250BWAG06,0
10200822,0
10201358,0
10201523,0
10201531,0
10202604,0
10202984,0
10203099,0
1020359,0
10210045,0
10211092,0
10220705,0
10222123,0
10222321,0
10222560,0
10223139,0
10223790,0
10223964,0
10226355,0
10226447,0
10227072,0
10240851,0
10241479,0
10241800U,0
10244762,0
10248011,0
10252104,0
10311173,0
1035062,0
1035222,0
10404382,0
10404390,0
10404549,0
10407013,0
10410033,0
10410454,0
10412161,0
10500874,0
10500882,0
10501120,0
10501328,0
10501666,0
10504215,0
10504272,0
10505121,0
10511335,0
10512960,0
10513125,0
10520765,0
10521748,0
10522738,0
10527984,0
10528107,0
10612513,0
10614436,0
10620052,0
10622652,0
10653384,0
10653848,0
10653939,0
10654887U,0
10716,0
10808566,0
10809721,0
10810091,0
10911725,0
10920411,0
10HGBX1,0
10STEP,0
11060,0
1108C,0
11216P,0
112EGRFGBK,0
112HGJST5,0
112PPINE,0
1134865,0
114730,0
11494,0
114CDWS1,0
114STTRMB1,0
1174812,0
120206,0
12235883,0
12235917,0
12235925,0
12237491U,0
12237533,0
12237566,0
12238226,0
12302,0
1244136,0
12526158,0
125THD,0
12820148,0
12822045,0
12913034,0
12DW,0
12MC20,0
12OSB,0
12RB10,0
12RB18,0
12RB20,0
12RB24,0
12RB36,0
12SS,0
12WPLY,0
13-086,0
13125,0
13320320,0
13321310,0
1338623,0
134117810,0
134117812,0
134117814,0
134117816,0
134117818,0
134117822,0
134117836,0
13411788,0
1341424,0
134EGRFGBK,0
134HGFS1,0
13500343,0
13501861,0
13501895,0
13520127,0
13520135,0
13611108,0
13621719,0
13730544,0
13730593,0
13730817,0
13730916,0
13800578,0
13841150,0
13843065,0
13847827,0
13860986,0
13880331,0
14001,0
14002,0
14003,0
14011068,0
14011456,0
14030845,0
14031,0
14031876,0
14032,0
14033,0
14039598,0
14062,0
14063,0
14064,0
14065,0
1406966,0
14071,0
14081,0
14086,0
14089,0
14150,0
14151,0
14156,0
1416P3,0
14172,0
14200,0
14201016,0
14201024,0
14201974,0
14205967,0
14210876,0
14310049,0
14310320,0
14310585,0
14310601,0
14312144,0
14330229,0
14340046,0
14453,0
14520,0
148C,0
14IJHDF,0
14LP,0
14SS,0
15016,0
15532807,0
15540164,0
15540214,0
15540222,0
15540271,0
15540297,0
15540396,0
15540420,0
15540438,0
15541055,0
15541709,0
15542863,0
15542897,0
15543077,0
15543812,0
15543937,0
15544141,0
15544455,0
15544877,0
15545445,0
15545890,0
15545916,0
15545957,0
15546104,0
15546393,0
15546476,0
15546492,0
15547995,0
15549058,0
15549744,0
15700016,0
15700032,0
15700065,0
15700123,0
15700826,0
15704455,0
15723885,0
15723893,0
15723935,0
15730070,0
15730369,0
15730393,0
15741135,0
15749104,0
15749336,0
15749377,0
15750078,0
15750243,0
15760101,0
15762974,0
15800030,0
15900368,0
15900574,0
15900962,0
15901150,0
15902547,0
15902802,0
15903339,0
15903412,0
15903636,0
15903644,0
15903883,0
15904055,0
15904063,0
15904071,0
15905607,0
15907637,0
15908940,0
15911449,0
15916976,0
15917602,0
15920309,0
15920606,0
15920739,0
15921745,0
15921893,0
15922362,0
15922701,0
15922719,0
15922826,0
15922834,0
15924194,0
15927320,0
15928229,0
15928302,0
15928476,0
15928799,0
15930035,0
15930068,0
15930100,0
15930159,0
15930167,0
15930175,0
15930233,0
15930266,0
15930274,0
15930316,0
15930340,0
15930373,0
15930399,0
15930415,0
15930480,0
15930902,0
15930977,0
15932056,0
15932346,0
15932577,0
15932619,0
15932684,0
15932718,0
15932957,0
15932965,0
15933187,0
15933252,0
15933401,0
15933724,0
15934235,0
15934243,0
15934292,0
15934581,0
15934615,0
15934995,0
15935836,0
15936305,0
15937493,0
15937626,0
15937642,0
15937782,0
15937865,0
15937923,0
15938459,0
15938608,0
15939168,0
15939283,0
15939325,0
15939408,0
15943319,0
15952757,0
15953250,0
15956246,0
15956725,0
15957079,0
15957517,0
15960024,0
15960099,0
15960123,0
15960149,0
15960289,0
15960404,0
15960560,0
15961287,0
15961451,0
15961477,0
15961485,0
15962715,0
15963127,0
15963424,0
15964737,0
15966997,0
15967417,0
15967482,0
15967490,0
15967938,0
15969207,0
15969868,0
15969934,0
15970411,0
15971831,0
15973472,0
15973514,0
15973753,0
15973761,0
15973787,0
15973803,0
16110280,0
16111411,0
16111635,0
16112575,0
16112591,0
16112922,0
16120388,0
16122020,0
16140162,0
16141384,0
16141392,0
16141434,0
16141632,0
16141640,0
16141889,0
16142507,0
16142515,0
16142523,0
16142747,0
16150237,0
16150831,0
1616P3,0
161911368-11,0
16303430,0
16316,0
16320,0
16324,0
1640259,0
16521114,0
16521585,0
16530214,0
16601056,0
167208,0
16810293,0
16810509,0
16810590,0
16810830,0
16810962,0
16811226,0
16811242,0
16811267,0
16812026,0
16813248,0
16821548,0
16821563,0
168C,0
16900920,0
16900979,0
16901118,0
16DUP1,0
17002122,0
17010109,0
17010455,0
17010935,0
17010943,0
17011016,0
17300062,0
17314196,0
17314865,0
17315565,0
17315722,0
17316357,0
17316738,0
17316837,0
17332891,0
1804699,0
18091-2,0
18126-C,0
183042,0
18729,0
1883537,0
18WPLY,0
19026525,0
1915404,0
1918655,0
19302837,0
19308873,0
19365,0
19400407,0
19411776,0
19702588,0
19703081,0
19704592,0
19708403,0
1975705,0
19848,0
19900158,0
19900190,0
19900208,0
19901461,0
19901792,0
19901834,0
1991401,0
1991404,0
1991571,0
19920065,0
19920222,0
19921220,0
19921394,0
19921428,0
19921485,0
19921709,0
19922905,0
19923036,0
19924141,0
19924760,0
19924836,0
19931658,0
19931682,0
19931708,0
19931740,0
19931757,0
19932201,0
19932219,0
19932250,0
19940006,0
19940428,0
19941566,0
19951185,0
19951201,0
19951227,0
19966050,0
19966951,0
19967306,0
19967868,0
19968718,0
19969658,0
19970417,0
1GNS,0
2001001,0
2001002,0
2001004,0
2001006,0
2001007,0
2001008,0
2001010,0
2001011,0
200177,0
2001G,0
200205,0
200206,0
20161,0
20202075,0
20252243,0
20253100,0
2029724,0
203022V,0
2030506,0
20309399,0
20310413,0
2032503,0
2032521,0
2032523,0
2032547,0
2032548,0
2032563,0
20407201,0
20407565,0
20410460,0
20514758,0
20610424,0
20611323,0
2070T/05,0
2073039,0
20744801,0
20745907,0
20907002,0
2091759,0
2093+-48EC,0
209741,0
21010-PS,0
21010P1,0
21012T2,0
2108P1,0
2108T2,0
2117331,0
2117816,0
2117820,0
2117824,0
2117830,0
2117836,0
21212P1,0
21216T2,0
21237045,0
2128P1,0
2128T2,0
212EGRFGBK,0
212GCS5,0
2159473,0
21602271,0
2161404,0
21822408,0
21822416,0
219348,0
22011910,0
22012736,0
22014294,0
22014823,0
22050116,0
223-10,0
22411292,0
22420210,0
22424311,0
2251460,0
22910533,0
22920870,0
2292244,0
22923890,0
22923924,0
22942692,0
22942700,0
22942718,0
22944631,0
23300916,0
23700768,0
23703382,0
23706211,0
23706229,0
23706245,0
23709447,0
23709801,0
24004,0
2410S,0
2410S2,0
2410T1,0
2412S-PS,0
2412S2,0
2412T1,0
2414S,0
2416S,0
2416S2,0
2416SB-PS,0
2416T1,0
24500100,0
24502585,0
24806,0
24808,0
248PC,0
248PC2,0
248S,0
248S2,0
248T1,0
24900391,0
24960056,0
249PC,0
25110180,0
25120031,0
25123654,0
25234022,0
25329541,0
25411497,0
25417668,0
25420530,0
25420662,0
25420670,0
25420720,0
25421058,0
25421991,0
25422825,0
2546759,0
25500026,0
25500059,0
25500745,0
25503244,0
25503251,0
25503319,0
25503376,0
25535626,0
25535634,0
25535667,0
25535675,0
25535683,0
256254,0
25632282,0
25632688,0
25632928,0
25635111,0
25635129,0
25635228,0
25635343,0
25635715,0
2568673,0
2568699,0
25704677,0
25704735,0
25704743,0
25710476,0
25800210,0
25821083,0
25825597,0
25826371,0
25830175,0
25831751,0
25832445,0
25832452,0
25832924,0
25834888,0
25838749,0
25839838,0
25852153,0
25853748,0
25853920,0
2606-20,0
2610S,0
2610T1,0
2612S,0
26131037,0
26134163,0
26139451,0
2614S,0
2614T1,0
26150367,0
26150730,0
26151290,0
26151365,0
26152694,0
26152934,0
26153916,0
26155234,0
26156109,0
26156265,0
26161562,0
26162032,0
26162073,0
26163865,0
26167247,0
26168294,0
26169474,0
2616P3,0
2616S,0
2631-20,0
26600296,0
26620179,0
26620229,0
26701078,0
26701144,0
26811323,0
2684447,0
2688018,0
268P1,0
268S,0
268T1,0
26900464,0
269PC,0
27111004,0
27130681,0
27204726,0
27300185,0
27300540,0
27333392,0
27335280,0
27337658,0
27500057,0
27500230,0
27503846,0
27507698,0
27537109,0
27537273,0
27538503,0
27539428,0
27539808,0
27539816,0
27560275,0
2767-22R,0
27713015,0
279178,0
2812P2,0
2812S2,0
2812T2,0
2816P1,0
2821-20,0
28691,0
2880-20,0
288T2,0
294468,0
294473,0
294474,0
294478,0
294487,0
294489,0
294500,0
294512,0
294519,0
294526,0
294528,0
294538,0
294543,0
294546,0
294556,0
294558,0
294560,0
294614,0
2953-20,0
2DOW,0
2EGRFG5,0
2P3068MGTHBRH,0
300TSAUS15,0
30202,0
3052SLE,0
308-32867,0
308227B,0
308228B,0
309672,0
30L6P2B,0
30R6P2B,0
3108Q,0
310YHC,0
310YHP,0
3189846,0
3189848,0
3210Q,0
3211Q,0
3215878,0
32200560,0
32210841,0
32213886,0
32214066,0
32222150,0
32440471,0
32600348,0
32600413,0
32600561,0
32600611,0
32606709,0
32606782,0
32630212,0
32630238,0
32630246,0
32630253,0
32630287,0
32630451,0
32630469,0
32630485,0
3271921,0
33221276,0
33260266,0
33260365,0
33260985,0
33261843,0
33262031,0
34-8722-3621-0,0
3426244,0
34A,0
34B,0
35218A,0
35254,0
35275C,0
35276C,0
35277C,0
353346,0
35507953,0
35507979,0
35509421,0
35509462,0
35509611,0
35510098,0
35537026,0
35537166,0
35537273,0
35542760,0
35570241,0
35580299,0
3559002,0
35710284,0
35713825,0
35721018,0
35721406,0
35721794,0
35724467,0
35800739,0
35800838,0
35802545,0
35804194,0
35805159,0
35805589,0
35805746,0
35805894,0
35805993,0
35806074,0
35806116,0
35807957,0
35808211,0
35809029,0
35809367,0
35809417,0
36002814,0
36010973,0
36200921,0
36202653,0
36240422,0
36400331,0
36400919,0
36400992,0
36410561,0
36413763,0
36420271,0
36421188,0
36500049,0
36500593,0
36500841,0
36500866,0
36500874,0
36501211,0
36501559,0
36501732,0
36501849,0
36502920,0
36502946.,0
36502953,0
36503506,0
36503605,0
36503621,0
36504744,0
36504769,0
36504777,0
36504793,0
36504819,0
36504850,0
36504926,0
36504934,0
36505006,0
36505089,0
36505105,0
36505147,0
36505188,0
36505196,0
36505204,0
36505212,0
36505246,0
36505287,0
36505576,0
36505907,0
36505915,0
36505931,0
36505972,0
36505998,0
36506079,0
36507101,0
36507119,0
36507127,0
36508075,0
36508414,0
36509255,0
36510394,0
36510493,0
36510501,0
36510543,0
36510675,0
36510683,0
36510691,0
36510733,0
36510832,0
36510840,0
36510915,0
36510923,0
36510956,0
36511061,0
36511129,0
36511350,0
36511392,0
36511459,0
36511467,0
36511483,0
36511509,0
36511574,0
36511871,0
36512077,0
36512085,0
36512630,0
36513349,0
36513356,0
36513364,0
36513406,0
36513646,0
36514115,0
36514511,0
36514982,0
36515443,0
36515476,0
36515914,0
36516417,0
36517191,0
36518611,0
36518637,0
36518652,0
36518694,0
36518702,0
36519064,0
36519080,0
36519114,0
36519122,0
36519171,0
36519197,0
36519536,0
36519544,0
36519551,0
36519627,0
36519635,0
36519650,0
36519890,0
36519916,0
36550242,0
36550853,0
36551711,0
36553014,0
36553113,0
3667763,0
36700037,0
36700599,0
36700615,0
36700623,0
36700631,0
36700649,0
36700656,0
36730281U,0
36730430,0
36740033,0
36740090,0
36740165,0
36740272,0
36740322,0
36806925,0
36806941,0
36806958,0
36806990,0
36807410,0
36807451,0
36807873,0
36807899,0
36810174,0
36811065,0
36811073,0
36811198,0
36811206,0
36820843,0
36820884,0
36820926,0
36823680,0
36830602,0
36830651,0
36830677,0
36830735,0
36830768,0
36830776,0
36NS,0
37000246,0
37000395,0
37000700,0
37001161,0
37001484,0
37001567,0
37001658,0
37001708,0
37001997,0
37002390,0
37002532,0
37002533,0
37002534,0
37003183,0
37003613,0
37005758,0
37007242,0
37008588,0
37011046,0
37013646,0
37014206,0
37020294,0
37022688,0
37026986,0
37030418,0
37030426,0
37030822,0
37030830,0
37030889,0
37030954,0
37032612,0
37051232,0
37051539,0
37053386,0
37054763,0
3730843,0
38STING,0
3907383,0
3915104,0
3915106,0
3915114,0
3915126,0
3915422,0
3915435,0
3917115,0
3917482,0
3917500,0
3917505,0
3918488,0
3918491,0
39604087,0
39604970,0
3998176,0
3EGRFG1,0
3RBOOT,0
400001,0
400002,0
400008,0
400009,0
400010,0
400011,0
400012,0
400014,0
400015,0
400017,0
400048,0
400210,0
400442,0
400501,0
4006556,0
400665,0
4007498,0
4007518,0
401482,0
4020434,0
406150,0
4067690,0
40922,0
41051,0
4122685,0
4135002,0
413W4X10R,0
4152849,0
4167658,0
4181962,0
4202024,0
42031,0
4203394,0
4207148,0
4227439,0
4258760,0
42640615,0
42640979,0
42820043,0
42821009,0
42821017,0
42821025,0
42821066,0
42821082,0
430743,0
431014,0
43112754,0
43113380,0
43152,0
43200054,0
43200674,0
43200690,0
43200724,0
43200732,0
43200765,0
43210871,0
43214006,0
432661,0
432666,0
433142,0
433146,0
435603,0
43630235,0
4410T,0
4412T,0
444432,0
444434,0
4466959,0
4474557,0
4479101,0
4488003,0
448T,0
45200,0
45308,0
4565495,0
45851,0
45862,0
46120333,0
46121950,0
46124194,0
466290,0
466293,0
46910014,0
46943080U,0
47080245,0
47300686,0
47300975,0
47301,0
47320098,0
48-00-5027,0
48-00-5203,0
48-00-5226,0
48-00-5227,0
48-00-5231,0
48-00-5232,0
48-00-5233,0
48-00-5242,0
48-00-5243,0
48-00-5261,0
48-00-5262,0
48-00-5272,0
48-00-5273,0
48-00-5301,0
48-00-5302,0
48-00-5332,0
48-00-5333,0
48-00-5788,0
48-11-1837,0
48-11-2430,0
48-13-0400,0
48-20-8880,0
48-20-8882,0
48-20-8884,0
48-20-8886,0
48-20-8888,0
48-20-8892,0
48-20-8898,0
48-20-8982,0
48-20-8983,0
48-20-8988,0
48-20-9000,0
48-20-9006,0
48-20-9021,0
48-20-9050,0
48-22-0316,0
48-22-0335,0
48-22-1505,0
48-22-2710,0
48-22-2761,0
48-22-3986,0
48-22-6331,0
48-27-1121,0
48-32-2390,0
48-32-4010,0
48-32-4013,0
48-32-4094,0
48-32-5011,0
48-32-5014,0
48-39-0501,0
48-39-0510,0
48-39-0511,0
48-39-0550,0
48-40-0626,0
48-40-0722,0
48-40-1020,0
48-40-1028,0
48-40-7000,0
48-59-2401,0
48-73-8932,0
48-73-8933,0
48-89-2330,0
48-89-2717,0
48-89-4604,0
48-89-4608,0
48-89-4612,0
48-89-4621,0
48-89-4629,0
48-89-9201,0
48-89-9204,0
48-89-9243,0
48-89-9244,0
480315,0
4816CAPBL,0
48400238,0
48400295,0
48400329,0
48400352,0
48400360,0
48430094,0
48430201,0
48432108,0
4848198,0
4850657,0
4871232,0
49-10-9113,0
49-22-0071,0
49-22-1110,0
49-22-4073,0
49-25-1101,0
49-25-1111,0
49-25-1113,0
49-25-1121,0
49-25-1131,0
49-25-1133,0
49-25-1151,0
49-25-1153,0
49-25-1201,0
49-25-1231,0
49-25-1233,0
49-25-1243,0
49-25-1251,0
49-25-1253,0
49-25-1261,0
49-25-1263,0
49-25-1271,0
49-25-1501,0
49-25-1503,0
49-25-1523,0
49-25-2009,0
49-25-2202,0
49-25-2221,0
49-25-2261,0
49-25-2272,0
49-56-0501,0
49-56-0708,0
49-56-0717,0
49-56-9100,0
49-66-4485,0
49-66-4502,0
49-66-4522,0
49-66-4523,0
49-66-4532,0
49-66-4533,0
49-66-4563,0
49-66-6234,0
49-66-7011,0
4909263,0
4942058,0
4965208,0
4C1,0
4STEP,0
5-3005,0
5-3386,0
5-3388,0
5-3395,0
5-4490,0
5-8470,0
5005067,0
5006139,0
5008939,0
5015722,0
50516,0
50993,0
5148564,0
5148606,0
5175302,0
5262308,0
5266,0
5382304,0
5412T,0
5416T,0
5420T,0
5484316,0
548T,0
55525,0
5589288,0
5606736,0
5606744,0
5606819,0
5606868,0
5608138,0
5608203,0
5631908,0
5658513,0
5685342,0
5774278,0
5822010,0
58CD,0
58OSB,0
598267,0
598283,0
5STEP,0
6008494,0
600862,0
6008726,0
6008742,0
6009864,0
6009872,0
6009880,0
6009898,0
6009906,0
6009922,0
601020,0
6012389,0
6012413,0
6038574,0
6048292,0
6051080,0
6051106,0
606295003513,0
6075048,0
6075139,0
6086920,0
6087902,0
6134449,0
6134696,0
6145502,0
616100B,0
620100,0
620100B,0
620100C,0
62110XI,0
6223283,0
6227086,0
6254080,0
62574,0
630175,0
6321772,0
6333140,0
63700-12D,0
63901,0
63902,0
63903,0
6446595,0
6453971,0
6469571,0
6496632,0
650047,0
6503460,0
6503478,0
650384,0
6504708,0
6522684,0
6522726,0
6522742,0
6522783,0
6522817,0
6522825,0
6523500,0
6523518,0
6530133,0
6556369,0
6556609,0
6556641,0
6557854,0
6558548,0
6558761,0
6559413,0
6559454,0
6561682,0
6562193,0
6578702,0
6592182,0
6610T,0
6640510,0
6692313,0
6692321,0
671606,0
67304,0
67361,0
6742431,0
6743017,0
6743579,0
6744866,0
6744882,0
6744890,0
6753115,0
68012,0
6836845,0
691493453,0
6915920,0
6937015,0
6938591,0
694036120056,0
694614,0
6955306,0
6964720,0
6971AC,0
70209,0
70220,0
70221,0
7029018,0
7036724,0
7079808789,0
7080765,0
71-1001,0
71019,0
71155,0
716OSB,0
716OSB-PS,0
716ZIP,0
7200553,0
7216682,0
7216740,0
7216757,0
7303365,0
7304645,0
7335698,0
7335847,0
7344690,0
738226250083,0
738519-100,0
745096,0
750206,0
7514391,0
7521958,0
761500XIQ,0
7643240,0
7645XIG,0
7702574,0
7753890,0
7795974,0
7862634,0
7872203,0
7896343,0
7981AC,0
7STEP,0
8084AC,0
8100POCL,0
810MT20,0
8140543,0
8256745,0
8297145,0
8358871,0
8395246,0
8509341,0
8513327,0
8604316,0
8728347,0
8782443,0
8889024,0
889522A,0
889523A,0
8SKR10BK,0
901267GR6,0
9022989,0
9028085,0
9064,0
9066,0
9068,0
9070,0
9076,0
9119,0
9122169,0
9224155,0
9237801,0
92542,0
9263856,0
932010004-11,0
9349457,0
9378969,0
9390246 #BB3N,0
94002-978,0
9463712,0
9472127,0
9479650,0
9500G,0
9603325,0
9624404,0
9624990,0
9649294,0
9803610,0
9900AM,0
A34Z,0
A35Z,0
AC210VS,0
AC212VS,0
AC24VS,0
AC26VS,0
ALMONDJOY,0
APB66R,0
APSAND50,0
ARAILBLPOST48,0
ARAILBLPOSTC,0
ARAILBLPOSTT,0
BA5ECR,0
BB6N,0
BFH1D,0
BLACKJ,0
BM-MK18-BLU-6,0
BM23,0
BT1332B1M,0
BTDS-2,0
BTTWEAR,0
BUGLES,0
BVT38,0
C7CVN,0
CAP1,0
CAPSM100,0
CAVB1PH2,0
CAVB1SL8-10,0
CAVB2T25,0
CAVN2DHX16,0
CEREND45DLWGOB,0
CEREND5WGCW,0
CERMSD4WGSB,0
CLC2011,0
CLP100R,0
COOKIE ICE CREAM,0
CP138,0
CPBN116,0
CPBW140,0
CPFW110,0
CPHO122,0
CPK350C,0
CPM114,0
CPN102,0
CPNM136,0
CPW100,0
CPW16S,0
CSBFR-624,0
CSBLACK2450,0
CSBROWN2450,0
CTVDESDS,0
DAH180032,0
DAH180040,0
DAH180056,0
DAH180064,0
DAH9912PBM,0
DBD10GR,0
DCC020IB,0
DCCS620B,0
DCD777B,0
DCD777C2,0
DCD999T1,0
DCF891B,0
DCG412B,0
DCH481X2,0
DCPS620B,0
DCS494M2,0
DCV517B,0
DD5108T,0
DD5109,0
DD5110,0
DD5112,0
DD5124,0
DD5132,0
DD5157,0
DE512BK,0
DE512WH,0
DIETCOKE,0
DP-8BM,0
DSVBK212R240,0
DW0100,0
DW0150,0
DW055PL,0
DW1106,0
DW1107,0
DW1116,0
DW1123,0
DW1124,0
DW1132,0
DW1162,0
DW1304,0
DW1305,0
DW1306,0
DW1307,0
DW1308,0
DW1309,0
DW1311,0
DW1312,0
DW1314,0
DW1316,0
DW1320,0
DW1324,0
DW1328,0
DW1332,0
DW1341,0
DW1354,0
DW1574,0
DW1576,0
DW1578,0
DW1580,0
DW1582,0
DW1583,0
DW1584,0
DW1585,0
DW1586,0
DW1587,0
DW1589,0
DW1590,0
DW1593,0
DW1602,0
DW1604,0
DW1610,0
DW1612,0
DW1622,0
DW1625,0
DW1627,0
DW1637,0
DW1673,0
DW1674,0
DW1675,0
DW1681,0
DW1687,0
DW184,0
DW1905,0
DW1906,0
DW1907,0
DW1908,0
DW1909,0
DW1910,0
DW1912,0
DW1913,0
DW1914,0
DW1915,0
DW1916,0
DW1917,0
DW1924,0
DW1932,0
DW1969,0
DW2008,0
DW2023,0
DW2032,0
DW2045,0
DW2055,0
DW2062,0
DW2067,0
DW2067SCR,0
DW2163,0
DW2219,0
DW2220,0
DW2232,0
DW2299,0
DW2542IR,0
DW2547IR,0
DW2660,0
DW2660-2,0
DW3741C,0
DW3750H,0
DW3753-5,0
DW3753H,0
DW3755H,0
DW3760-5,0
DW3760H,0
DW3762H,0
DW3765H,0
DW3778-5,0
DW4528,0
DW4541,0
DW4701,0
DW4712B,0
DW4724,0
DW4802,0
DW4802B Z,0
DW4804,0
DW4806,0
DW4808,0
DW4809,0
DW4811,0
DW4813,0
DW4838,0
DW4846,0
DW4856,0
DW4898,0
DW5205,0
DW5209,0
DW5221,0
DW5223,0
DW5225,0
DW5227,0
DW5234,0
DW5235,0
DW5236,0
DW5244,0
DW5401,0
DW5402,0
DW5417,0
DW5424,0
DW5427,0
DW5439,0
DW5470,0
DW5539,0
DW8062,0
DW8062B5,0
DW8424,0
DW9153,0
DWA11040,0
DWA11080,0
DWA112100,0
DWA11240,0
DWA11280,0
DWA112CMB,0
DWA1400,0
DWA1406,0
DWA1410,0
DWA1412,0
DWA1422,0
DWA161224,0
DWA171424,0
DWA171440,0
DWA1PH2IR10,0
DWA2612CMB,0
DWA271424,0
DWA271460,0
DWA2SLVIR,0
DWA2T40IR,0
DWA3501,0
DWA3502,0
DWA3HLDFT,0
DWA423SET,0
DWA4258,0
DWA4258-3,0
DWA425SET,0
DWA4270,0
DWA4270-3,0
DWA4283,0
DWA4283-3,0
DWA4511,0
DWA5004,0
DWA5005,0
DWA5006,0
DWA5007,0
DWA5008,0
DWA5009,0
DWA5010,0
DWA5013,0
DWA5015,0
DWA5017,0
DWA5018,0
DWA5024,0
DWA5026,0
DWA5032,0
DWA5100,0
DWA5101,0
DWA5102,0
DWA5103,0
DWA56084,0
DWA56104,0
DWA56124,0
DWA56165,0
DWA56205,0
DWA8051B5,0
DWA8206,0
DWA8207,0
DWA8208,0
DWADEND14516,0
DWADND-5,0
DWAF2TX40IR3,0
DWAFT20SET,0
DWAH1107,0
DWAH1110,0
DWALRAFT,0
DWAR12108CT-1,0
DWAR596P5,0
DWAR6114,0
DWAR660,0
DWAR9108CT-1,0
DWAR956CT-1,0
DWAR960,0
DWAW71424,0
DWAW71424B10,0
DWAX101IR,0
DWB12X20,0
DWHT10037,0
DWHT10038,0
DWHT10045,0
DWHT10054,0
DWHT10261,0
DWHT10295,0
DWHT10313,0
DWHT10429,0
DWHT10910,0
DWHT11005,0
DWHT11131,0
DWHT11131L,0
DWHT11132,0
DWHT11132L,0
DWHT11133,0
DWHT11133L,0
DWHT11134,0
DWHT11719,0
DWHT11726,0
DWHT14674,0
DWHT14675,0
DWHT14677,0
DWHT14678,0
DWHT14679,0
DWHT14680,0
DWHT14681,0
DWHT14694,0
DWHT16063,0
DWHT16850,0
DWHT16852,0
DWHT16861,0
DWHT20123,0
DWHT20215,0
DWHT20216,0
DWHT20540,0
DWHT20541,0
DWHT20544L,0
DWHT33028,0
DWHT36925,0
DWHT36935,0
DWHT38116S,0
DWHT38125,0
DWHT38130S,0
DWHT42151,0
DWHT42166,0
DWHT42170,0
DWHT43003,0
DWHT43025,0
DWHT46032,0
DWHT47049L,0
DWHT47057,0
DWHT47069L,0
DWHT47076L,0
DWHT47079L,0
DWHT47098,0
DWHT47255L,0
DWHT47256,0
DWHT47258L,0
DWHT47309,0
DWHT47373L,0
DWHT47374L,0
DWHT47399,0
DWHT47408,0
DWHT47415,0
DWHT51001,0
DWHT51003,0
DWHT51004,0
DWHT51007,0
DWHT51054,0
DWHT51385,0
DWHT51388,0
DWHT51389,0
DWHT55019,0
DWHT55129,0
DWHT55131,0
DWHT55132,0
DWHT55160,0
DWHT55164,0
DWHT55166,0
DWHT55168,0
DWHT55524,0
DWHT55528,0
DWHT55529,0
DWHT56152,0
DWHT561579,0
DWHT56158,0
DWHT58018,0
DWHT58019,0
DWHT58020,0
DWHT65102,0
DWHT65201,0
DWHT66569,0
DWHT68002,0
DWHT70262,0
DWHT70276,0
DWHT70485,0
DWHT70486,0
DWHT70797,0
DWHT74426,0
DWHT74431,0
DWHT74432,0
DWHT75403,0
DWHT75900,0
DWHT77100,0
DWHT80276,0
DWHT83139,0
DWHT83140,0
DWHT83148,0
DWHT83149,0
DWHT83187,0
DWHT83192,0
DWHT83193,0
DWHT83195,0
DWHT83840,0
DWHTGR50,0
DWHTHT450,0
DWHTMR77C,0
DWHTTA7045,0
DWHTTA7055,0
DWHTTA7065,0
DWHTTA7085,0
DWHTTR350,0
DWHTTR510,0
DWMT72211OSP,0
DWMT72214OSP,0
DWMT73801,0
DWMT73803,0
DWMT73804,0
DWMT73813,0
DWMT75184OSP,0
DWMT75187OSP,0
DWMT75199OSP,0
DWMT75311OSP,0
DWMT81098,0
DWMT86208OSP,0
DWMT86449OSP,0
DWMT96370OSP,0
EC1021-514,0
EC105P,0
EC108P,0
EC142P,0
EC144P,0
EC20,0
EC201682A,0
EC205,0
EC206P,0
EC267P,0
EC356P,0
EC390,0
EC402,0
EC41,0
EC42,0
EC444FJ,0
EC444P,0
EC473,0
EC620,0
EC623FJ,0
EC623P,0
EC631,0
EC713,0
EC750P,0
EC936,0
EC937P,0
ED412112BR,0
ED412112WH,0
EM70.10,0
ET-3460,0
ETR-14,0
F02X03DSADAPTR,0
F04DBLBELL,0
F04DBLBELL477,0
F04DWWYE,0
F04ELBOW,0
F04ENDCAP,0
F04I/C,0
F04TEE,0
F04TEECOUPLER,0
F04WYE,0
F05WYE,0
F06PERPLUG,0
F15O/C,0
FATBOYSMORE,0
FB7G,0
FIBHF50,0
FLYZORSM,0
FT73001,0
FT73004,0
FT73011,0
FT73014,0
FT73015,0
G05025,0
G1019691,0
GEN314,0
GLP32,0
GRDF2STGD1,0
GRDF312STGD5,0
GRDF3STBLK1,0
GRDF3STGD5,0
GRF16114,0
GRF16134,0
GRNJC31650,0
GRRVSP8DR,0
GRSILC365,0
GRSILW365,0
GRTO4AS,0
GRWRWDT4BT,0
GRWXL50,0
GUTTERWHITE5,0
H28VN,0
HAT,0
HERC7YT,0
HERSHEYS ALMOND,0
HH44,0
HM11028,0
HM11033,0
HM11045,0
HSFL01,0
HUCQ412-8D8,0
HUS262IF,0
HW10100E,0
HW9,0
HYDE05553,0
ICE&WTR1SQ,0
ICE2,0
IHFL25112,0
INT66,0
INT83,0
IS-ADJUST,0
IUS3.56/16,0
IWAF21PH22,0
IWAF21TX152,0
IWAF22SL10122,0
IWAF31TX152,0
IWAF34238,0
J4104-3,0
J8848,0
JACKET,0
JAP13LY,0
JL26IFTZ,0
JUS282TZ,0
K204692,0
K704WH,0
KT 1-1502,0
KT 5-4232,0
L11089,0
L1125B,0
L212ST1,0
L312ST1,0
L3ST1,0
L3ST5,0
L3STW1,0
LN-8BM,0
LP212STTBK,0
LPC6Z,0
LRTDS,0
LUS26,0
M150,0
MA-11,0
MAXB64900,0
MBK4,0
MF00662,0
MF01152,0
MF01316,0
MF03671,0
MF03674,0
MF03828,0
MF03830,0
MF03838,0
MF04066,0
MF05507,0
MF05531,0
MF05641,0
MF05674,0
MF06717,0
MF06718,0
MF06721,0
MF06722,0
MF06725,0
MF07302,0
MF08821,0
MF09404,0
MF09566,0
MF09584,0
MF09656,0
MF09737,0
MF09744,0
MF10064,0
MF10068,0
MF10071,0
MF10072,0
MF10074,0
MF10075,0
MF10080,0
MF10172,0
MF10188,0
MF10286,0
MF10566,0
MF10625,0
MF14996,0
MF18508,0
MF18512,0
MF18513,0
MF18514,0
MF18545,0
MF18546,0
MF18550,0
MF18551,0
MF18566,0
MF18567,0
MF18576,0
MF18581,0
MF18616,0
MF18619,0
MF18620,0
MF18622,0
MF18625,0
MF18626,0
MF18637,0
MF21103,0
MF21111,0
MF21121,0
MF21123,0
MF21128,0
MF21420,0
MF21421,0
MF21422,0
MF21423,0
MF21424,0
MF21425,0
MF21441,0
MF21442,0
MF21443,0
MF21462,0
MF21502,0
MF21504,0
MF21541,0
MF21544,0
MF23007,0
MF23093,0
MF23095,0
MF23126,0
MF23292,0
MF23296,0
MF23305,0
MF23538,0
MF23566,0
MF23937,0
MF23971,0
MF23976,0
MF23979,0
MF23981,0
MF23983,0
MF23984,0
MF23985,0
MF23989,0
MF24002,0
MF24033,0
MF24035,0
MF24188,0
MF24191,0
MF24206,0
MF24223,0
MF24224,0
MF24225,0
MF24590,0
MF24649,0
MF24663,0
MF24692,0
MF24760,0
MF29044,0
MF308795,0
MF30941,0
MF30942,0
MF30943,0
MF30944,0
MF30945,0
MF31021,0
MF31081,0
MF31084,0
MF31085,0
MF31086,0
MF31247,0
MF31502,0
MF31504,0
MF31642,0
MF31643,0
MF31644,0
MF31761,0
MF31762,0
MF31924,0
MF32401,0
MF32687,0
MF32703,0
MF32704,0
MF32842,0
MF33545,0
MF33827,0
MF33828,0
MF34785,0
MF34791,0
MF35141,0
MF35880,0
MF36621,0
MF36623,0
MF36625,0
MF36626,0
MF36627,0
MF36641,0
MF36644,0
MF36647,0
MF36648,0
MF36866,0
MF373528,0
MF373997,0
MF38045,0
MF38141,0
MF38143,0
MF38147,0
MF38287,0
MF38362,0
MF38562,0
MF38808,0
MF39563,0
MF39960,0
MF39962,0
MF39965,0
MF39967,0
MF50745,0
MF51216,0
MF51280,0
MF51598,0
MF51798,0
MF51800,0
MF51956,0
MF51957,0
MF51972,0
MF52007,0
MF52478,0
MF53245,0
MF53249,0
MF53250,0
MF53251,0
MF53253,0
MF54291,0
MF54324,0
MF54464,0
MF54470,0
MF54981,0
MF54982,0
MF54984,0
MF55506,0
MF55686,0
MF56029,0
MF56229,0
MF56230,0
MF56355,0
MF60183,0
MF60293,0
MF60361,0
MF60363,0
MF60366,0
MF60368,0
MF60386,0
MF60401,0
MF60403,0
MF60544,0
MF60545,0
MF60546,0
MF60644,0
MF60646,0
MF60647,0
MF60885,0
MF61005,0
MF61088,0
MF61281,0
MF61674,0
MF62013,0
MF62014,0
MF62038,0
MF62486,0
MF62498,0
MF62645,0
MF62841,0
MF62845,0
MF62846,0
MF62861,0
MF62864,0
MF62888,0
MF62901,0
MF62902,0
MF62904,0
MF62905,0
MF62906,0
MF62921,0
MF62925,0
MF62927,0
MF62940,0
MF62960,0
MF63064,0
MF63125,0
MF63131,0
MF63132,0
MF63133,0
MF63138,0
MF63394,0
MF63553,0
MF63768,0
MF63823,0
MF63824,0
MF63826,0
MF63827,0
MF63834,0
MF63842,0
MF63905,0
MF63906,0
MF63914,0
MF64045,0
MF64164,0
MF64172,0
MF64173,0
MF64203,0
MF64212,0
MF64213,0
MF64214,0
MF64264,0
MF64481,0
MF64485,0
MF64486,0
MF64492,0
MF64521,0
MF64523,0
MF64526,0
MF64528,0
MF64628,0
MF64792,0
MF64794,0
MF64795,0
MF64801,0
MF64805,0
MF64806,0
MF64808,0
MF64811,0
MF64812,0
MF64826,0
MF64833,0
MF64836,0
MF64980,0
MF65525,0
MF65826,0
MF65983,0
MF65987,0
MF66263,0
MF66264,0
MF66625,0
MF66645,0
MF66947,0
MF66952,0
MF66954,0
MF67102,0
MF67103,0
MF67104,0
MF67123,0
MF67460,0
MF67485,0
MF68361,0
MF69101,0
MF69102,0
MF69103,0
MF69107,0
MF69121,0
MF69122,0
MF69124,0
MF69127,0
MF69373,0
MF69392,0
MF69395,0
MF69403,0
MF69454,0
MF69603,0
MF69605,0
MF69703,0
MF69704,0
MF69712,0
MF69716,0
MF69764,0
MF69766,0
MF69837,0
MF69868,0
MF70461,0
MF70464,0
MF70606,0
MF70608,0
MF70951,0
MF71351,0
MF71356,0
MF71468,0
MF71748,0
MF71786,0
MF71824,0
MF71826,0
MF71827,0
MF71828,0
MF72223,0
MF72254,0
MF72268,0
MF72324,0
MF72605,0
MF72611,0
MF72625,0
MF72654,0
MF72881,0
MF72883,0
MF72963,0
MF72965,0
MF73147,0
MF73152,0
MF73154,0
MF73647,0
MF73663,0
MF73668,0
MF73688,0
MF73691,0
MF73965,0
MF73966,0
MF74471,0
MF74568,0
MF74572,0
MF74740,0
MF75165,0
MF75664,0
MF75667,0
MF75705,0
MF75801,0
MF75802,0
MF75804,0
MF75901,0
MF75903,0
MF76028,0
MF76125,0
MF76126,0
MF76261,0
MF76262,0
MF76264,0
MF76266,0
MF76267,0
MF76271,0
MF76273,0
MF76275,0
MF76765,0
MF76804,0
MF77185,0
MF77188,0
MF77201,0
MF77203,0
MF77208,0
MF77822,0
MF77824,0
MF77825,0
MF77826,0
MF77828,0
MF77831,0
MF77833,0
MF77834,0
MF77837,0
MF77838,0
MF78224,0
MF78306,0
MF78315,0
MF78322,0
MF78323,0
MF78324,0
MF78325,0
MF78326,0
MF78328,0
MF78381,0
MF78461,0
MF78661,0
MF78662,0
MF78681,0
MF78944,0
MF78984,0
MF78988,0
MF79336,0
MF79353,0
MF79377,0
MF79523,0
MF79524,0
MF79561,0
MF79562,0
MF79563,0
MF79573,0
MF80969,0
MF82104,0
MF84774,0
MF85631,0
MF85632,0
MF85636,0
MF85642,0
MF930002,0
MF930004,0
MF930362,0
MF930363,0
MF930365,0
MF930967,0
MF931201,0
MF931751,0
MF932465,0
MF932466,0
MF932481,0
MF932482,0
MF932923,0
MF932924,0
MF932926,0
MF932927,0
MF932928,0
MF932945,0
MF933004,0
MF933085,0
MF933141,0
MF933422,0
MF933425,0
MF933447,0
MF933644,0
MF933647,0
MF933723,0
MF933800,0
MF933826,0
MF933882,0
MF933884,0
MF934245,0
MF934443,0
MF934466,0
MF934622,0
MF934663,0
MF935303,0
MFA00100,0
MFA00102,0
MFA00104,0
MFA00105,0
MFA00112,0
MFA00150,0
MFA00848,0
MFA00912,0
MFA02023,0
MFA02105,0
MFA02134,0
MFA03005,0
MFA10290,0
MFA10291,0
MFA10292,0
MFA10299,0
MFA10563,0
MFA10564,0
MFA10565,0
MFA10566,0
MFA10570,0
MFA11601,0
MFA11603,0
MFA11605,0
MFA20244,0
MFA20605,0
MFA30101,0
MFA30301,0
MFA30303,0
MFA30304,0
MFA30941,0
MFA31302,0
MFA40622,0
MFA70018,0
MFA70138,0
MFA70270,0
MFA70276,0
MFA70313,0
MFA70327,0
MFA70329,0
MFA70415,0
MFA70443,0
MFA70451,0
MFA70468,0
MFA70470,0
MFA70529,0
MFA70613,0
MFA70621,0
MFA70741,0
MFA70767,0
MFA73193,0
MFA73252,0
MFA73273,0
MFA73288,0
MFA73289,0
MFA73292,0
MFA73333,0
MFA73345,0
MFA73352,0
MFA73516,0
MFA73573,0
MFA73585,0
MFA73605,0
MFA74311,0
MFA75113,0
MFA75115,0
MFA75117,0
MFA75122,0
MFA75128,0
MFA75138,0
MFA75146,0
MFA75170,0
MFA75172,0
MFA75220,0
MFA75233,0
MFA75234,0
MFA75240,0
MFA75264,0
MFA75265,0
MFA75266,0
MFA76439,0
MFA76441,0
MFA76570,0
MFA76807,0
MFA78008,0
MFA78010,0
MFA78017,0
MFA78019,0
MFA78020,0
MFA78024,0
MFA78025,0
MFA78048,0
MFB00447,0
MFB00451,0
MFB00614,0
MFB00752,0
MFB00756,0
MFC00134,0
MFC60112,0
MFC60138,0
MFC60144,0
MFC60167,0
MFC60171,0
MFC60202,0
MFC60220,0
MFC60222,0
MFC60250,0
MFC60304,0
MFC60306,0
MFC60319,0
MFC60320,0
MFC60323,0
MFC60361,0
MFC60545,0
MFC60601,0
MFC60739,0
MFC60768,0
MFC60773,0
MFC60785,0
MFC60793,0
MFC60826,0
MFC60827,0
MFC60837,0
MFC60838,0
MFC60842,0
MFC60848,0
MFC60855,0
MFC60865,0
MFC60869,0
MFC60877,0
MFC60878,0
MFC60879,0
MFC60908,0
MFC60973,0
MFC60993,0
MFC61125,0
MFC61141,0
MFC61148,0
MFC61527,0
MFC61532,0
MFC61534,0
MFC61604,0
MFC61611,0
MFC61756,0
MFC61768,0
MFC61770,0
MFC73600,0
MFC73602,0
MFC73606,0
MFC94991,0
MFK6,0
MFK9,0
MM60,0
MN000467-001,0
MNC01355-000,0
MNC02066-000,0
MNC04616-000,0
MNC06892-000,0
MNC08459-000,0
MNC09082-000,0
MNC09188-000,0
MNC11394-000,0
MNC11917-000,0
MNC11918-000,0
MNC60421-000,0
MNC98494-000,0
MNC99191-000,0
MNC99543-000,0
MNC99546-000,0
MNC99959-000,0
MR 750 N 0700,0
MSTA36,0
NAO95569,0
OCE54,0
OCE61,0
OCFDTDMDWBW,0
OCFDTDMDWOB,0
OCFDTDSVCG,0
OCFO30OBARPO,0
OCFPOS25OB,0
OCME22,0
OCRF40,0
OCVSRR,0
OVERSITECL,0
PA44ETZ,0
PCC15,0
PCS12G,0
PENCIL,0
PP22536,0
PP25523,0
PP826-11,0
PP826-64,0
PP830-10,0
PREMOIL-20OZ,0
PS50,0
Q3108,0
Q31082,0
Q3215,0
RC368EAR,0
RCL-220,0
RED2614-1,0
REDM9X2,0
RPBTZ,0
RT210CVN,0
RTD-15,0
RXSS31525,0
S110E,0
S21151,0
SAND60,0
SEPTIC12RISER,0
SEPTIC6RISER,0
SHARKS,0
SO006725-000,0
SO011098-000,0
SO309401-000,0
SOC00051-000,0
SOC00051-001,0
SOC00477-000,0
SOC01248-003,0
SOC01248-004,0
SOC01355-000,0
SOC01471-000,0
SOC02189-000,0
SOC02556-000,0
SOC03359-000,0
SOC04463-000,0
SOC04529-000,0
SOC04566-000,0
SOC04572-000,0
SOC04619-000,0
SOC05355-001,0
SOC05527-000,0
SOC07451-000,0
SOC07937-000,0
SOC08002-000,0
SOC08312-000,0
SOC08740-000,0
SOC09351-000,0
SOC09351-001,0
SOC09351-002,0
SOC09351-003,0
SOC09351-004,0
SOC09351-005,0
SOC09351-006,0
SOC09351-007,0
SOC09351-008,0
SOC09351-009,0
SOC09914-000,0
SOC09914-001,0
SOC12011-000,0
SOC12520-000,0
SOC12952-001,0
SOC12952-002,0
SOC12952-003,0
SOC14954-000,0
SOC14955-000,0
SOC16722-000,0
SOC19629-000,0
SOC61772-000,0
SOC61772-001,0
SOC61772-002,0
SOC61772-003,0
SOC62593-000,0
SOC62921-000,0
SOC62921-001,0
SOC68042-000,0
SOC79819-004,0
SOC85152-000,0
SOC85198-000,0
SOC87131-001,0
SOC91609-000,0
SOC91609-001,0
SOC95885-000,0
SOC95885-001,0
SOC96279-000,0
SOC96282-000,0
SOC97688-000,0
SOC97690-000,0
SOC97758-000,0
SOC98647-000,0
SOC99519-000,0
SOC99543-000,0
SOC99546-000,0
SOP13662-000,0
SOP32051-000,0
SOP34952-004,0
SOP47995-000,0
SPEC-K1-UR,0
SPEC-LEVEL32M,0
SPEC-TM25,0
SPRITE,0
SPY13021,0
SPY600922,0
SSWHITE,0
ST2,0
ST222,0
ST223,0
ST3,0
ST6,0
STAR-24SSLA,0
STINGERCAPTACK,0
STKR18,0
STKR36,0
SUNKIST,0
SUR210Z,0
SV-749,0
SW04X100BKLCH,0
SW04X100BS,0
SW04X10X10BS,0
SWMX12,0
T010118,0
T013B,0
T024B,0
T028B,0
T029B,0
T5038,0
TAPE250178,0
TB3,0
TECH18161,0
TFL25118,0
THD50600H,0
THF125118,0
THR16,0
TIEWIRE,0
TMBLACK,0
TNWHITE1,0
TOOL APRON,0
TR110,0
TRA704-5C,0
TSHIRTP,0
TT-12520,0
TURBO192,0
TURBO800,0
TYPAR10,0
TYPARTB6,0
UJDB-1706,0
US15IH,0
V1RB,0
V21A,0
VCAPNE,0
VPBN5024R,0
VPKA1001,0
VPKS1001,0
VSLEEVE100,0
VSWHITE,0
W6GUTTER,0
WCYZ8134F,0
WDF10S,0
WDF7S,0
WHITEA6,0
WHITEEV,0
WHITEJB,0
WHITEJBM,0
WHITEOC,0
WHITESS,0
WRIVET,0
WS02,0
WS12,0
WW-2C,0
WW3-12,0
